,URL,Question #,Question,Answer,Question Text,source
0,https://islamqa.info/en/answers/1/interruption-of-wudu,1,Interruption of Wudu,"If during Wudu (ablution), one finds dirt stuck on his fingers, does working on removing the dirt by scrubbing it off disrupt the continuity of the Wudu and require repeating it?"," Praise be to Allah.Continuity would not be disrupted by such an action (according to the most viable opinion) even if his body had dried, because he was delayed due to an action required for his purity. The same is true if he were to move from one faucet to another in search of water. However, if continuity were disrupted due to an action not related to this, like removing impurity from his clothes, eating or drinking and the like, and the limbs became dry, then he needs to repeat the Wudu. From the book What Should You Do in the Following Situations .. ? Fatawa ibn Uthaimeen, 4/145-146 (Dar al-Qutni) And Allah knows best. ",Shaykh Muhammed Salih Al-Munajjid
1,https://islamqa.info/en/answers/1,1,Interruption of Wudu,"If during Wudu (ablution), one finds dirt stuck on his fingers, does working on removing the dirt by scrubbing it off disrupt the continuity of the Wudu and require repeating it?","Continuity would not be disrupted by such an action (according to the most viable opinion) even if his body had dried, because he was delayed due to an action required for his purity. The same is true if he were to move from one faucet to another in search of water. However, if continuity were disrupted due to an action not related to this, like removing impurity from his clothes, eating or drinking and the like, and the limbs became dry, then he needs to repeat the Wudu.",Shaykh Muhammed Salih Al-Munajjid
2,https://islamqa.info/en/answers/2,2,Wudu while wounded,What should a person do if one of the areas normally washed during wudu is wounded?,"If a person is wounded in one of the areas of wudu and is not able to cover the wound with a bandage, he should perform wudu except for the wounded body part, for which he should then perform ablution with sand (tayammum). (Note that this means one performs normal tayammum, not actually placing the sand on the wound itself.)",From the book What Should You Do in the Following Situations... ?
3,https://islamqa.info/en/answers/1,1,Interruption of Wudu,"If during Wudu (ablution), one finds dirt stuck on his fingers, does working on removing the dirt by scrubbing it off disrupt the continuity of the Wudu and require repeating it?","Continuity would not be disrupted by such an action (according to the most viable opinion) even if his body had dried, because he was delayed due to an action required for his purity. The same is true if he were to move from one faucet to another in search of water. However, if continuity were disrupted due to an action not related to this, like removing impurity from his clothes, eating or drinking and the like, and the limbs became dry, then he needs to repeat the Wudu.",Shaykh Muhammed Salih Al-Munajjid
4,https://islamqa.info/en/answers/2,2,Wudu while wounded,What should a person do if one of the areas normally washed during wudu is wounded?,"If a person is wounded in one of the areas of wudu and is not able to cover the wound with a bandage, he should perform wudu except for the wounded body part, for which he should then perform ablution with sand (tayammum). (Note that this means one performs normal tayammum, not actually placing the sand on the wound itself.)",From the book What Should You Do in the Following Situations... ?
5,https://islamqa.info/en/answers/1,1,Interruption of Wudu,"If during Wudu (ablution), one finds dirt stuck on his fingers, does working on removing the dirt by scrubbing it off disrupt the continuity of the Wudu and require repeating it?","Continuity would not be disrupted by such an action (according to the most viable opinion) even if his body had dried, because he was delayed due to an action required for his purity. The same is true if he were to move from one faucet to another in search of water. However, if continuity were disrupted due to an action not related to this, like removing impurity from his clothes, eating or drinking and the like, and the limbs became dry, then he needs to repeat the Wudu.",Shaykh Muhammed Salih Al-Munajjid
6,https://islamqa.info/en/answers/2,2,Wudu while wounded,What should a person do if one of the areas normally washed during wudu is wounded?,"If a person is wounded in one of the areas of wudu and is not able to cover the wound with a bandage, he should perform wudu except for the wounded body part, for which he should then perform ablution with sand (tayammum). (Note that this means one performs normal tayammum, not actually placing the sand on the wound itself.)",From the book What Should You Do in the Following Situations... ?
7,https://islamqa.info/en/answers/1,1,Interruption of Wudu,"If during Wudu (ablution), one finds dirt stuck on his fingers, does working on removing the dirt by scrubbing it off disrupt the continuity of the Wudu and require repeating it?","Continuity would not be disrupted by such an action (according to the most viable opinion) even if his body had dried, because he was delayed due to an action required for his purity. The same is true if he were to move from one faucet to another in search of water. However, if continuity were disrupted due to an action not related to this, like removing impurity from his clothes, eating or drinking and the like, and the limbs became dry, then he needs to repeat the Wudu.",Shaykh Muhammed Salih Al-Munajjid
8,https://islamqa.info/en/answers/1,1,Interruption of Wudu,"If during Wudu (ablution), one finds dirt stuck on his fingers, does working on removing the dirt by scrubbing it off disrupt the continuity of the Wudu and require repeating it?","Continuity would not be disrupted by such an action (according to the most viable opinion) even if his body had dried, because he was delayed due to an action required for his purity. The same is true if he were to move from one faucet to another in search of water. However, if continuity were disrupted due to an action not related to this, like removing impurity from his clothes, eating or drinking and the like, and the limbs became dry, then he needs to repeat the Wudu.",Shaykh Muhammed Salih Al-Munajjid
9,https://islamqa.info/en/answers/2,2,Wudu while wounded,What should a person do if one of the areas normally washed during wudu is wounded?,"If a person is wounded in one of the areas of wudu and is not able to cover the wound with a bandage, he should perform wudu except for the wounded body part, for which he should then perform ablution with sand (tayammum). (Note that this means one performs normal tayammum, not actually placing the sand on the wound itself.)",From the book What Should You Do in the Following Situations... ?
